Agent,Year,Delta_DPI,Delta_Consumption,MPC
0,2002,2041.2007682546828,12082.152430131522,5.919139664278247
0,2003,3738.500141697339,-2813.508559473543,-0.7525768230133502
0,2004,3109.3607329283113,2130.380011448535,0.6851504841132411
0,2005,3465.6958940933982,6936.344620278003,2.0014291017569223
0,2006,1839.0643823260034,10206.367963562647,5.549761096810479
0,2011,1032.9040487514721,343.48177594621666,0.3325398679203571
0,2012,1471.2974820240925,-673.481473673135,-0.4577466364902722
0,2013,2564.865839113336,10664.344480873158,4.157856648190137
0,2019,1263.8055153689638,-4280.661474065186,-3.3871204247874016
0,2020,1356.2574306468305,1693.7894362347433,1.2488701613431428
1,2002,2229.9827810982824,14626.531587461024,6.559033420095447
1,2003,3769.2280239887623,3820.514695879945,1.0136066779629078
1,2004,3219.0432132669084,-17740.84923049911,-5.511218102752483
1,2005,3546.434512260603,30776.464069388254,8.67814250143038
1,2006,1882.912627691534,-3355.365428545905,-1.7820080332987145
1,2011,1014.8684703861218,-1761.3761803369562,-1.7355708958687173
1,2012,1506.4433897915733,12789.761334942363,8.49003780800015
1,2013,2624.67257427024,-5157.328961425548,-1.9649418415016906
1,2019,1112.6662819008343,-4791.762271198066,-4.306558353697941
1,2020,1402.8989724223356,-4425.287385036398,-3.154387787023189
2,2002,2326.9943395441805,-21194.702685805023,-9.108188329309264
2,2003,3873.2580307771277,28508.161492331536,7.360253632937457
2,2004,3418.2758264291624,20165.335705762875,5.899271073987091
2,2005,3652.1800007051497,-3871.6888986222475,-1.0601035266264849
2,2006,2027.5223355166672,7127.116166500622,3.515185032318986
2,2011,1108.9063044472277,3295.6789507123467,2.9720084893513077
2,2012,1584.5713200198807,4196.26462721928,2.6482018033537496
2,2013,2618.0005521412677,5604.191740265291,2.140638104786346
2,2019,1239.7744345013634,8124.169404946995,6.552941550383342
2,2020,1433.153074466638,-2780.374504251289,-1.9400401490859815
3,2002,2593.539348716178,12289.762443572632,4.7386065106959565
3,2003,4005.246170525046,8122.480146957008,2.0279602803770325
3,2004,3488.867691183579,-5527.883077338061,-1.5844347125306886
3,2005,3756.880398006717,11293.63646624412,3.0061208422381958
3,2006,1982.5303439442941,-10924.25673333279,-5.510259536103092
3,2011,1268.2254430200119,24914.380872356225,19.645072577181445
3,2012,1452.0550663603499,-274.3140320040111,-0.18891434516432853
3,2013,2627.2788938017475,-2461.4730225495296,-0.9368906469566723
3,2019,1266.0049111208937,-6605.096086787511,-5.217275248118509
3,2020,1368.5257665965764,-122.62238501533284,-0.08960180948604698
4,2002,2623.882046828905,8130.776114718625,3.098758240502877
4,2003,4109.3405738121655,1948.9589558333828,0.4742753541173071
4,2004,3722.0737357255857,6701.776884508741,1.8005491992764857
4,2005,3638.710774839288,25898.66417099735,7.117538538671357
4,2006,2137.87166023819,-6442.541103936586,-3.013530336624039
4,2011,1231.3368307769706,35351.60374121956,28.709937734025857
4,2012,1783.2218525943463,-27040.036409797773,-15.163585153725085
4,2013,2806.6491084205772,26658.615336434203,9.498378424453692
4,2020,1444.767811870377,1044.4797577758582,0.7229395264722078
5,2002,3096.87207818123,-199.83051218550827,-0.06452656330024044
5,2003,4059.2708245947724,10331.651589259476,2.545198888101008
5,2004,3558.6387166866334,20881.685174310143,5.867885682352323
5,2005,3726.7323015364527,1501.1836133776524,0.40281498425812506
5,2006,2005.2934656486323,-44885.64201601726,-22.38357765829479
5,2011,1102.9514651001227,-1706.1020301177487,-1.546851411057216
5,2012,1656.396191282809,19264.48376911535,11.630359856234529
5,2013,2772.305081234328,-9807.257263659048,-3.537582256023753
5,2019,1265.2354952256865,-5783.9863733911625,-4.571470208681936
5,2020,1456.7473508859985,8915.00876432893,6.119804342809886
6,2002,3312.920996738336,-5350.518704084607,-1.6150456679626055
6,2003,4406.9502664057945,23044.716976861004,5.229175639337481
6,2004,3613.252321427921,9104.38647657739,2.519720646849105
6,2005,3501.2078650531184,976.7564700475923,0.2789770009935624
6,2006,2495.6847355284553,15008.842543773542,6.013917675621578
6,2011,1097.5860747351253,7103.836128169409,6.472236020198908
6,2012,1856.620863034972,2943.4941831350297,1.5854040217577718
6,2013,2722.5513181593997,10989.603709326198,4.036509297740547
6,2019,1131.5686089160445,5474.364747948988,4.837854907616259
6,2020,1512.6499756681878,1226.726270553656,0.8109782767237808
7,2002,3564.381031490033,2192.828794616682,0.6152060554816735
7,2003,4020.613216387399,23166.842672307306,5.762017241022546
7,2004,3851.8914208243077,-18720.667049880285,-4.860123249755064
7,2005,3726.025893469676,21002.758072395678,5.636771904673456
7,2006,2668.3859926711157,-14431.440069976146,-5.408303037721295
7,2011,1342.5479542327812,25336.0671088167,18.87162915033107
7,2012,1704.6612550777209,-2960.1718112901144,-1.7365161567863234
7,2013,2759.044410730625,-3053.1305909459625,-1.1065898682426285
7,2019,1285.0949813731131,-275.8401978924376,-0.21464576695934542
7,2020,1569.4492571591545,1297.2826330030657,0.8265846296625511
8,2002,3494.9540586980147,17852.97206009559,5.108213658964779
8,2003,4284.293875251722,-6108.60957864103,-1.4258147915406763
8,2004,4129.999311150939,16144.089767613696,3.90898122525708
8,2005,3879.12762888585,11088.052719927451,2.858388220423705
8,2006,3185.0762734180607,-19979.01459947464,-6.272695811467707
8,2011,1271.1952417457942,14173.227027716683,11.149528067971605
8,2012,1732.5740653194662,4680.1851370885415,2.7012900809095113
8,2013,2541.596533384276,5663.489320348075,2.228319580215522
8,2020,1812.465286157676,18116.20860521753,9.995341010708607
9,2002,3500.4991742305574,2150.710295035824,0.6144010291071045
9,2003,4379.544438290366,18503.416586816893,4.224963771355186
9,2004,3933.41074331617,-3518.1658754068194,-0.8944313485147837
9,2005,4532.258401653715,16550.320005116504,3.651671757964568
9,2006,2330.14723182717,9415.21163205133,4.040608036887202
9,2011,1544.4321906688128,10140.403706441299,6.565781112118636
9,2012,1826.3735694455681,2032.8073310171021,1.1130293194257082
9,2013,2886.746847151633,8018.70805089784,2.7777662799943603
9,2019,1623.2086206559325,6825.004941748324,4.204638180759763
9,2020,1383.3008790252206,6158.63410672672,4.452129106623979
10,2002,3596.7916573049297,15504.018101234076,4.310513251371144
10,2003,4533.389765815256,15496.135442375977,3.418222619909508
10,2004,4073.5535065877484,12136.49327694453,2.9793381275874737
10,2005,4177.046252733562,-18024.707543954777,-4.3151802621670665
10,2006,2657.38193264672,26721.80295550778,10.055687753131215
10,2011,1526.4545926829742,-7086.86487015395,-4.64269615625953
10,2012,1972.0214593759592,120.51171589018486,0.06111075278476962
10,2013,2576.852852848242,4034.96813121358,1.5658511997507567
10,2019,1331.0713856161747,9018.169391764764,6.775120770543878
10,2020,1620.7551449051825,2796.3214066796936,1.7253200864238405
11,2002,4246.738877239273,24635.492948919433,5.80103784599408
11,2003,4495.5191203039285,11793.62266760219,2.6234173077668634
11,2004,4853.291140410438,-6742.5485103653045,-1.3892734466770715
11,2005,3947.5605119311513,23683.62595576803,5.99955995207328
11,2006,2700.934760872362,-16344.053936671116,-6.051258317469404
11,2011,1702.3106511875521,26986.16686649884,15.852668752129917
11,2012,2073.8164936657704,-1501.9381120695907,-0.7242386762074102
11,2013,3055.147890712018,-983.9138162634626,-0.32205112533329977
11,2019,1040.2512807240128,12422.221778986888,11.941558745634081
11,2020,1629.4134647244355,-12094.462849978387,-7.4225867846401945
12,2002,4473.694513150142,17636.08563796524,3.9421747698965772
12,2003,4153.887703724802,-4813.8508100689505,-1.1588784178619844
12,2004,5093.908962894595,10825.165065875524,2.125119460266947
12,2005,3517.4239911905897,3988.2574160434306,1.1338574553514293
12,2006,2855.8225960429263,467.1114254358399,0.16356458068616622
12,2011,1557.2086544291233,-2956.5812720884715,-1.8986416904883963
12,2012,2016.2774547664885,2382.3572792430205,1.181562226771478
12,2013,3012.2029925148527,4190.486849254274,1.39117013682922
12,2019,1316.2017404644575,1604.6530958211806,1.2191543640224447
12,2020,1631.7043459886627,1282.9674119629053,0.7862744345303224
13,2002,4198.968092397015,23342.70547054334,5.559152857772245
13,2003,4796.793197415987,-3883.0827148746466,-0.8095163904431918
13,2004,4080.0899007652333,-4646.957088393567,-1.1389349748205342
13,2005,4406.18028435274,30751.155673817877,6.9790961080329845
13,2006,2453.719165591683,-16533.90181331664,-6.738302428888474
13,2011,1392.9731437265727,4715.530533438519,3.3852271701543533
13,2012,1971.963004325764,-257.841644558197,-0.13075379405829976
13,2013,2921.811308672448,-12844.098975832458,-4.395937183797229
13,2019,1287.1835179929185,1670.1944427327398,1.2975573563411091
13,2020,2055.8747864865,-12726.562560496532,-6.190339335911741
14,2002,4704.015335065793,4874.555251256024,1.0362541156953617
14,2003,4425.631854219464,31383.416145885116,7.091284855961007
14,2004,4926.302842051926,-8105.180674086514,-1.64528672595989
14,2005,3804.938145706328,15808.160644636577,4.154643266008214
14,2006,3229.3427639967267,8514.036667362452,2.636461128339699
14,2011,1771.2776748590404,22407.304267472922,12.650362269854789
14,2012,1986.2599710429931,2876.852151568368,1.4483764429173493
14,2013,2912.7757940589217,-6192.577175321625,-2.126005437134018
14,2019,1310.6616494322516,1618.2241235855618,1.2346619925032056
14,2020,1670.486148640397,1315.585522276917,0.7875465015664257
15,2002,5352.250562663685,22711.54615947383,4.24336377633465
15,2003,5176.768726375536,-2786.9896726801817,-0.5383647251770247
15,2004,4933.138354565701,-4876.809285347743,-0.9885814941383462
15,2005,4279.800890432511,23900.765127291597,5.584550716067593
15,2006,2474.765310221075,6155.720338573621,2.4873955979380202
15,2011,2108.6907134670473,20339.310308003827,9.645468715780765
15,2012,1660.9613888154272,-19229.15843091374,-11.577125489128731
15,2013,3242.6530375889706,31547.28362285583,9.728849573839195
15,2019,1337.3131008572527,-6825.336451985728,-5.1037684799547005
15,2020,1700.4391939326888,10054.412615809197,5.912832785602798
16,2002,4040.2231391133537,22701.365208991745,5.618839461914885
16,2003,4823.02821041776,-17175.87688206695,-3.5612225624073663
16,2004,4787.743638751665,39814.4470119957,8.315910377853218
16,2005,3867.5748026813962,-19817.237100231985,-5.123944102255672
16,2006,3055.461201282,32241.68000940008,10.552148394446059
16,2011,2151.2315243539488,-33533.874790213,-15.58822210002886
16,2012,1572.7007790089265,29543.363665089535,18.78511415484067
16,2013,3046.091417874981,-6829.850062835205,-2.2421684466711955
16,2019,1352.7254450718756,-1172.3438961415231,-0.8666532446864943
16,2020,1728.5557209610706,2769.38332603607,1.602137144006155
17,2002,6015.686158011798,12947.33619433055,2.1522625772435044
17,2003,4216.764673197802,8513.864826360863,2.019051449675596
17,2004,5223.806242802748,22298.838457096732,4.26869554892462
17,2005,4118.193833447134,1503.0692181613122,0.3649826304807921
17,2006,2906.822879215819,3513.6910060779483,1.2087736859377707
17,2007,1920.4718458057323,12507.028542961198,6.512476905233612
17,2011,1063.11882062332,6068.167846730648,5.707892409592377
17,2012,2115.11875167604,2090.1942258587223,0.9882160158631437
17,2013,3686.023922390872,-507.84370647634205,-0.13777547763361733
17,2019,1344.145148122916,-7189.710917818957,-5.348909623234745
17,2020,1653.1705449275323,16265.98790504862,9.839267917613212
18,2002,5460.430421877492,23679.92460342875,4.336640662712948
18,2003,5709.348285998829,-6892.338436882885,-1.2072023095499587
18,2004,5419.457470316105,27850.97193409766,5.139070116639032
18,2005,4718.670234517034,-18959.78626354634,-4.018035870541589
18,2006,4215.780299910664,7814.1063656396145,1.8535373785501112
18,2011,1714.4846018546523,23757.450694014056,13.85690525789168
18,2012,1990.4941968780913,3005.6046507402643,1.5099791074268296
18,2013,3168.39254751493,3439.5663666017936,1.0855871913029065
18,2019,1416.7245206224034,1698.7756272663682,1.1990867684848516
18,2020,1821.7729202707415,1466.2999834024668,0.804875276763118
19,2002,6587.7622987713985,16081.114816341957,2.441058752126051
19,2003,4240.865513033714,-1243.5004132358445,-0.29321854451977264
19,2004,4956.388348197928,20775.930047509508,4.191747818764713
19,2005,4747.132258521655,-28519.412149289943,-6.007713835672954
19,2006,2793.915903436573,41846.642954883544,14.977774708040185
19,2011,1777.8696644109732,1295.8738935463334,0.7288913914708534
19,2012,2222.3267976748466,3262.2122048439487,1.4679264130986958
19,2013,3199.6903480920737,3719.3095698501857,1.1623967213164714
19,2019,1286.8136540661944,6927.812333667447,5.3836950764209694
19,2020,1783.117387923543,2077.656747379122,1.1651822597044903
20,2002,4697.589013164703,22504.387392455625,4.79062500559084
20,2003,5094.033784979576,-10528.769179230498,-2.066882479318443
20,2004,5549.154787669293,15219.145242300248,2.742606004813295
20,2005,3685.208352082336,17026.67590322334,4.620274968605879
20,2006,3805.1445334079617,-14482.912913897075,-3.8061400261518834
20,2011,1806.9555715973838,46803.80965589575,25.90202570089771
20,2012,2994.643961177877,26951.83668287359,9.000013701886845
20,2013,2442.4279607996286,-23797.569789199944,-9.743407040512604
20,2019,1279.609408491655,-2303.9488794419885,-1.800509486842378
20,2020,1769.7437209594937,3945.888348588109,2.229638281439295
21,2002,5905.95397534105,21568.00291790426,3.6519083975182483
21,2003,6430.00189919355,-15783.121299638238,-2.4546060089994306
21,2004,4960.920828962306,1162.622186983368,0.23435612602319195
21,2005,5723.053008620365,45660.5687431406,7.97835852199241
21,2006,2287.6680642435967,-4060.287921766052,-1.7748588552808955
21,2011,2007.0979117320676,-5204.573749085481,-2.593084133396404
21,2012,2487.157841316337,-6708.133671538628,-2.697108144929123
21,2013,3361.5179525644053,23751.223836798483,7.0656245696023605
21,2019,1375.6004684978689,512.0518047699588,0.37223875427224173
21,2020,1801.536968849221,2441.175455908902,1.3550515466070436
22,2002,5863.517159040552,-2912.2972237574577,-0.49668094162002885
22,2003,5303.667275729138,32920.81102015638,6.2071787894406505
22,2004,5467.784953187467,-16936.024209637297,-3.097419586658099
22,2005,4833.25644677403,30379.087124153128,6.285428356368247
22,2006,3532.642842270143,14519.569687794079,4.110115382755062
22,2007,1131.4412682213006,16663.91263750216,14.728040337170055
22,2011,2880.5243994245247,10486.248462695454,3.6403956393462287
22,2012,1332.2914180549851,-6814.427982447305,-5.114817892016224
22,2013,3422.510071743978,28381.938817213188,8.29272616362261
22,2019,1416.7060511769378,9709.175327615332,6.853344996691002
22,2020,1755.6196871342836,-20529.941078422285,-11.69384305090217
23,2002,5119.370473375617,27400.105883483702,5.352241262081701
23,2003,6452.768486073081,25300.79048393687,3.920920228045251
23,2004,5554.282689881831,-19269.35343574552,-3.4692784850235054
23,2005,3534.2768409865093,13918.809668190515,3.9382341266467997
23,2006,2906.3094849218905,14506.209976461309,4.991281916712726
23,2011,1977.7872305820056,592.2242830481555,0.2994378130724815
23,2012,2503.9353178738675,7066.834547151579,2.822291173700183
23,2013,3495.864739763696,1695.3128615825553,0.4849480708733458
23,2019,1386.8104097486066,6387.606388076994,4.605969455648162
23,2020,1802.1075598877214,-2102.0089502894843,-1.1664170314120694
24,2002,6800.707945338101,36185.608336844,5.320859038160771
24,2003,5457.208481750451,10488.347946440044,1.9219254645510278
24,2004,5626.472996252502,-15337.288172385117,-2.7259151839172566
24,2005,4679.3286430662265,63274.40142589518,13.522111023267074
24,2006,2990.350104014855,-5476.20507682141,-1.8312922856320528
24,2012,2448.729524193419,-194.12743248735205,-0.07927679662836394
24,2013,3270.32245698059,10027.875631619536,3.0663262609516595
24,2019,1559.7633181495185,3474.6005881783785,2.227646045876112
24,2020,1921.07619867826,-3676.3878024624137,-1.9137126392965798
25,2002,8638.68899887371,26296.71209647,3.044062831744319
25,2003,5463.527289134945,18311.354894017233,3.351562813721485
25,2004,5557.440336014464,-24600.300904691103,-4.426552408538008
25,2005,4973.476765281055,16626.247431913507,3.3429828300351865
25,2006,5031.64391067531,22303.234648750717,4.432594007980454
25,2011,2034.216178328992,-23249.799805909366,-11.429365302269852
25,2012,2563.56138305043,14823.802230925532,5.782503328742771
25,2013,4373.059898517095,-14056.594189177238,-3.2143612288374626
25,2019,1274.3932314565463,1379.4326704209088,1.082423098594387
25,2020,1904.4214080411766,1370.0890178214468,0.7194253393899168
26,2002,6311.290920131418,49144.149253422394,7.786703207843742
26,2003,5686.175784255756,-1453.832421999774,-0.2556784167709407
26,2004,6189.775163455401,-21653.663328052993,-3.4982956175689233
26,2005,5988.897376431763,29420.61985728072,4.912526965825181
26,2006,1824.4522625311802,-3496.6453265085,-1.9165452548796091
26,2007,1134.015994546673,11345.413293722027,10.0046325168962
26,2011,1829.4726640267763,5175.002410658053,2.8286852886162124
26,2012,2416.7928322752996,-11459.998448524246,-4.741820769856878
26,2013,3774.28429582424,5678.137739413534,1.5044276727366996
26,2014,1125.2296375805745,31052.446960507485,27.596542006550113
26,2019,1381.1496505791729,-3008.988848912326,-2.1786117439558654
26,2020,1861.9270882656565,3700.5723880779697,1.9874958645802667
27,2002,7417.310343217687,25062.55164282881,3.3789271963988607
27,2003,5932.910672204773,14038.290434422466,2.366172560155131
27,2004,6393.345403962885,6793.090576766379,1.0625251957380113
27,2005,5040.052204081847,-3402.1360146294464,-0.6750199952044382
27,2006,5488.162497247948,-29246.969881893005,-5.329100568097058
27,2007,2590.3612422382866,65579.55069101679,25.316758767727173
27,2011,2231.135108406481,-5133.4286650677095,-2.300814794104559
27,2012,2571.894149466825,24483.87744258053,9.519784260038945
27,2013,3568.010162230581,-14852.541186790651,-4.1626958757049675
27,2019,1354.538508080499,-809.4736654894368,-0.597601072734752
27,2020,1698.6019624261244,4280.871748825215,2.5202324285030366
28,2002,8176.318516043684,39082.67196233987,4.779984033847423
28,2003,5034.26751074061,-7563.197844036098,-1.5023432560744963
28,2004,6749.4631672981195,23897.45565598755,3.5406453911435967
28,2005,3510.105008817336,1226.582630992547,0.34944328671404074
28,2006,4632.611627142527,-24650.00245377404,-5.3209732301644665
28,2011,2174.5154526475235,1399.5646875434613,0.643621403489894
28,2012,2490.4757196381106,2346.036639989121,0.9420034178570599
28,2013,3605.611371194449,6017.1594666432065,1.6688319530814748
28,2015,1118.134393022512,-3800.8904952841403,-3.399314535893732
28,2019,1516.4282451395702,-11050.673038188805,-7.287303618623718
28,2020,1960.7068045202468,-2201.5952093987435,-1.1228579430250094
29,2002,6012.279203239072,24571.381503689103,4.086866340214448
29,2003,5454.518769919319,12449.946720182721,2.2825013984445186
29,2004,6592.339950256923,-17161.583942265337,-2.6032613717981126
29,2005,4931.832832298096,25496.632396374975,5.169808722915342
29,2006,4808.510515556874,37724.75413387414,7.845413670579284
29,2011,2374.4679741009895,2434.679146910057,1.0253577531749463
29,2012,4138.941983986355,-33411.42411183538,-8.072455289565502
29,2013,2297.25624126452,47956.673662706584,20.875631025082743
29,2014,1486.8682887486066,-5275.412195309822,-3.5480023585342377
29,2020,2020.3977192180755,-1724.4777744950552,-0.8535338156897416
30,2002,6899.785686803545,25223.9989147358,3.6557655642810682
30,2003,6629.979457583104,-1353.500602701999,-0.20414853641121308
30,2004,5823.46896680622,15622.176175038068,2.6826237529700063
30,2005,5143.910225336818,9233.99423193463,1.7951312965089699
30,2006,5036.820741257834,14234.459691044234,2.8260802641726523
30,2007,1078.2282848370087,13298.535252012953,12.333691704278781
30,2011,2761.543827969872,9262.385785403807,3.35406075818575
30,2012,2916.1440212245216,-898.6021946096153,-0.3081473987804903
30,2013,5252.4896955709555,7112.703089465736,1.3541584090042793
30,2019,1508.4329510210373,-3532.731376867683,-2.3419876730194913
30,2020,2001.0971839746053,9720.2803804719,4.8574754181430375
31,2002,7791.354094101465,13160.583152166466,1.6891265617269067
31,2003,7906.693457924615,23059.504412963302,2.9164535764127204
31,2004,4935.61978608396,24621.915209721687,4.988616683793892
31,2005,5629.572655886703,-9569.810952872853,-1.6999178335261278
31,2006,3824.8046750733047,-5561.145423037116,-1.45396847564001
31,2007,1498.3155861578998,27207.814460937894,18.15893441428207
31,2011,2410.1794776701718,-15144.745723889908,-6.2836588993487545
31,2012,2701.514715915633,46575.09093122976,17.240361733674256
31,2013,3841.2538266812335,-11411.33152872586,-2.9707309237059767
31,2015,1486.8239519048075,46674.90582322114,31.392355337983858
31,2019,1483.768126440962,953.9257204141468,0.6429075429071786
31,2020,1934.788120937621,-6189.557083584135,-3.1990878053275433
32,2002,7391.728483182,22276.122099157525,3.0136553513621585
32,2003,5662.6906015096465,23472.429345583994,4.145101860116878
32,2004,6976.938919781707,8861.052995721519,1.2700488133266847
32,2005,3653.7533982572495,18524.269743532932,5.069928844231401
32,2006,6357.125215602078,4243.792803382501,0.66756476543314
32,2011,2561.106753132073,-1269.8348622148333,-0.4958148896612391
32,2012,2896.2798884665535,-408.38615598887554,-0.1410036915337962
32,2013,3819.147450211545,17368.168400574446,4.547655891005835
32,2019,1474.0893269575317,-2880.3195556895807,-1.953965409704484
32,2020,1853.2545075916569,3714.3051539096923,2.004206728592561
33,2002,7533.981455313624,7404.020764215951,0.9827500649067814
33,2003,7904.355960355082,-10007.902402206964,-1.2661249635520446
33,2004,5399.581920648052,34571.09696157943,6.4025506918191635
33,2005,5632.9423956742685,33997.08871066742,6.0354050019710765
33,2006,5744.341607643961,48514.929172848526,8.445690121961063
33,2011,2439.813142669649,-7298.6562918766285,-2.991481668916015
33,2012,2852.4692142565036,21488.3162707538,7.533233369656097
33,2013,3781.8810802229273,-3797.0627255449654,-1.0040143106036383
33,2019,1611.8491468908906,-7512.031165661698,-4.660505097608991
33,2020,2215.381169743312,-10900.629397394543,-4.920430644744335
34,2002,9592.127134380833,46275.1412204839,4.8242835579838195
34,2003,6101.081624589744,31606.432743081677,5.180463840328803
34,2004,6978.2978715736535,7561.128291932371,1.0835204273427332
34,2005,5280.196118347434,-19519.875198648602,-3.6968087474670965
34,2006,8208.59415507628,28078.944993822544,3.420676484103948
34,2007,3555.314281823463,-31737.91999064805,-8.926895760779322
34,2011,6295.352250118653,-5797.256908481417,-0.920878876693858
34,2012,1564.043294602161,-9416.856165033532,-6.020841109407305
34,2013,1993.400364132598,30604.496831579832,15.352910224282505
34,2015,3509.0607723493595,-4474.372739570565,-1.2750912651122075
34,2017,2502.13436034607,-20388.183474834455,-8.148316812217297
34,2020,5720.029538242961,-5524.516988978459,-0.9658196609025628
35,2002,7738.492495337181,3883.2329911731504,0.5018074248328066
35,2003,6655.101148145826,15997.1121137421,2.403736886583466
35,2004,6334.1200708036195,42796.86982027773,6.756561186382441
35,2005,7541.186858592089,-16950.466595674312,-2.247718683215191
35,2006,4691.892313657358,21059.476850427716,4.488482565792677
35,2011,2359.3286652408424,14454.146319370571,6.1263810050369045
35,2012,2722.160058229667,-3226.968583977461,-1.1854441013568071
35,2013,5618.193464343465,-23596.542924321053,-4.200023205694023
35,2015,1686.76042457507,26274.191721250507,15.576718150634536
35,2020,2031.9987112336094,2256.9230630935926,1.1106911882456036
36,2002,7843.890471503313,31961.63979686002,4.074717758104346
36,2003,7024.327778013481,-29549.751290046726,-4.206772836333039
36,2004,6784.753612347675,59369.69854114967,8.750457560183449
36,2005,5614.558749523887,-14552.729709437583,-2.5919632082702226
36,2006,5946.568923006562,31571.070275864942,5.309123745916786
36,2011,4719.670016675169,1678.9498190604209,0.3557345774447126
36,2012,1358.252734711481,-4068.0474635154824,-2.9950592842941073
36,2013,3746.365392905165,11331.24485682146,3.0245968207693985
36,2020,2188.0133575961518,3365.385422549414,1.538100949368415
37,2002,6891.630286998843,16404.785595177804,2.3803925794054366
37,2003,7157.134058604337,24806.9731829674,3.4660484182414257
37,2004,6465.392558318301,9804.093834388885,1.5163957557031937
37,2005,5430.034488139703,2695.454506914655,0.4963973088572595
37,2006,6791.742000151018,40221.74121093814,5.922153875992903
37,2007,2168.8758187176427,-18650.483483599615,-8.599147688698377
37,2011,4656.682224411867,29864.704148136894,6.4133008672089
37,2012,3010.6731858353305,-10109.25510584854,-3.357805541103148
37,2013,4107.137775395997,-12975.407857111335,-3.159233648026402
37,2019,1512.8450184021494,1697.4591440961813,1.122031089403341
37,2020,2115.0872042610717,1582.4506885350274,0.7481727870827309
38,2002,10034.448129409342,23989.94106623539,2.390758391178959
38,2003,8315.119767126802,26673.56840056536,3.2078393513966326
38,2004,7193.456722454692,588.4476883074094,0.08180318739814532
38,2005,5461.683382717834,5415.9675589495455,0.9916297191607728
38,2006,5180.6334789278335,-24009.86815713276,-4.634542909625361
38,2007,1559.5513301625033,26279.03120664615,16.850379143280847
38,2011,2627.149398410984,34556.80815016333,13.15372782798908
38,2012,2965.615695184184,21700.44271239161,7.317348214615472
38,2013,3954.193530093471,-20186.091513027583,-5.104983193007858
38,2019,1618.0272531709343,718.5019362650346,0.44406046613674033
38,2020,2356.82511116378,2907.601932757825,1.2336943963237375
39,2002,10196.713289123902,7935.503963253359,0.7782413546645063
39,2003,5513.483706808649,48586.62623591517,8.812327889155657
39,2004,9244.865059142641,-7157.90004777073,-0.7742568444189435
39,2005,3597.646062185202,3808.914712368336,1.0587241342064677
39,2006,5530.133877101849,6377.048627512733,1.1531454335884401
39,2007,1421.7933652880602,18841.73982768788,13.252094353296185
39,2011,6279.758876531851,-7494.60403571403,-1.19345410915731
39,2012,1131.7892613729928,-4704.018906022917,-4.15626748421026
39,2013,6526.527237453236,26278.06130741816,4.0263466850515
39,2015,1946.558640886884,-11149.987577439577,-5.72805120957438
39,2019,1666.4617844467575,758.5638137334608,0.45519424496451544
39,2020,2246.890734819346,2440.9278237916296,1.086358044014047
40,2002,8967.209492977447,42640.79261086024,4.755190858901403
40,2003,7401.682440536853,-35128.541644581914,-4.7460211819130675
40,2004,7417.045093679219,52871.89759035941,7.128431460584845
40,2005,6634.243566936435,-2702.1743035780382,-0.4073070691955089
40,2006,2093.5713052508945,30992.812663771503,14.803800847880513
40,2007,1414.14772200078,-7667.728681763925,-5.422155381981866
40,2011,3338.0466698009113,-7407.410080786125,-2.2190852356261153
40,2012,3584.0951641567226,7670.489907059731,2.1401468308569505
40,2013,4186.806905693025,12547.221330802626,2.996847385949779
40,2014,2795.570919304213,-12251.622492084047,-4.382511782292163
40,2019,1549.7367315307492,1399.14512884352,0.9028276225094809
40,2020,4657.084325514123,-4135.425346679462,-0.887985928024382
41,2002,10553.457799192256,36295.5458550826,3.4392088873336473
41,2003,7519.89665047935,7270.023300569097,0.9667717042501741
41,2004,7865.830375075253,-42246.14275602775,-5.370843349215191
41,2005,8933.91135570631,69889.69970283317,7.822967670055612
41,2006,6668.413707131927,-43626.870278523274,-6.542316088137116
41,2007,1616.180815150321,41261.230475888064,25.530083075543967
41,2011,5025.4816899125,25406.40064317893,5.055515512906244
41,2013,4156.225284946384,14601.9612766465,3.513274732612303
41,2019,1550.0391559205018,-10066.917004964955,-6.49462109812745
41,2020,2032.9031617500295,-6032.457031371217,-2.967409931212937
42,2002,16792.10388569167,-35876.861835498945,-2.1365316746324527
42,2003,5713.268665268115,89219.30006214054,15.616156930360917
42,2004,10497.35920613358,5865.633558767848,0.5587723010698322
42,2005,4310.551897319703,-57881.296509653504,-13.427815715580188
42,2006,9298.302099872497,97944.36006797873,10.53357473396372
42,2010,1163.4268590553547,-14101.361391491839,-12.120539664127618
42,2012,3425.0736161418317,5207.555798814952,1.5204215682467561
42,2013,6586.816924035666,-5258.5455506678845,-0.7983439666402684
42,2019,1630.9440885812219,2776.5160277465766,1.7023980449028768
42,2020,2353.330594359024,2635.7357297748677,1.1200023218551503
43,2002,11630.867120481824,9043.122185895772,0.7775105752838443
43,2003,7750.7260260594485,27870.354150669213,3.595837868215656
43,2004,7521.645133334503,18829.159158222086,2.5033298998346556
43,2005,8546.130283078615,-3517.246588866634,-0.411560141533391
43,2006,1847.8374556347262,11948.160275556496,6.466023425990325
43,2007,4376.419660679734,-5802.670462243055,-1.325894432468983
43,2011,3516.2646521457063,-8551.560392625717,-2.4320013533131974
43,2012,6040.016318575421,3118.623512991966,0.5163270012037839
43,2013,1655.8545683156117,-2828.78810545287,-1.708355407280969
43,2015,8002.3215876478935,1030.531963151734,0.12877912389105026
43,2017,2917.1591619449027,-40609.34272330269,-13.920852606557123
43,2019,1650.1751487863658,510.7180760446354,0.30949325374354775
43,2020,2472.6601277664886,3020.816430419305,1.2216868774229626
44,2002,13175.692840347096,51173.670041044534,3.8839452817493303
44,2003,6184.786176327674,4245.976576300251,0.686519542510906
44,2004,13080.932864516275,33615.18704557928,2.569785151697004
44,2005,4371.644869195239,-15457.87138000023,-3.53593941011174
44,2006,5026.734565352061,25137.705539752584,5.000802253021291
44,2007,6647.5129256206565,18068.62500133025,2.718103026425216
44,2011,2899.2879733974987,2927.023568680539,1.0095663471643828
44,2012,3277.9351563153323,-38350.82355781656,-11.699689508478878
44,2013,4140.027657843049,50872.39978792638,12.287937181180778
44,2019,1523.8902227921062,-21813.77494212528,-14.314531726673584
44,2020,2193.301112071582,24737.75259723165,11.278776298009872
45,2002,6772.878515854274,2670.799963979487,0.3943374973768616
45,2003,8337.209787431784,41030.65404442555,4.9213891806199515
45,2004,11403.140851590753,7970.818928581022,0.6990020584959347
45,2005,13299.539507794223,12011.86571853116,0.9031790695829417
45,2007,4908.700653579232,-2410.9822953655384,-0.4911650690305478
45,2011,3184.802045675897,3430.265514252387,1.0770733832295052
45,2012,3644.0462585407367,1758.4220713782997,0.4825465832814269
45,2013,3904.7185134585015,5237.3017335023615,1.3412751048381102
45,2015,3072.320929309906,-14177.647302313824,-4.614637477178648
45,2019,1645.7200662142131,362.18690497011994,0.22007807549147082
45,2020,5347.821999747219,-9443.667789896921,-1.7658904485495788
46,2002,12443.946455608326,29332.152716252167,2.3571423117971184
46,2003,8071.555239791953,33565.260221741104,4.158462554560459
46,2004,12878.06102974937,-4159.332498118019,-0.3229781632894597
46,2005,3610.656009550148,-3109.335103869933,-0.8611551739201335
46,2006,2047.182093782525,21257.125301230233,10.383602594898628
46,2007,1188.174733590742,21840.055884027708,18.381181880568715
46,2010,1163.1287818835117,9890.802780376107,8.503617943629116
46,2012,6515.931634761771,-5918.799822301196,-0.9083581833064449
46,2013,4236.296080932516,27109.02950628157,6.39922918237438
46,2019,1439.4557734455739,14267.331424460455,9.911614992039146
46,2020,2223.855482622341,8434.946880948119,3.7929384111784734
47,2002,12481.670286656823,3993.368608125602,0.31993863933375966
47,2003,8127.778317871154,51434.311150539696,6.328212844763153
47,2004,4548.044168796274,-40099.069503671024,-8.816772224594292
47,2005,12519.709450951603,33739.6273842197,2.6949209577427697
47,2006,2779.771430927387,-7817.139885877783,-2.8121520348418825
47,2011,3316.082412162359,44992.43573286175,13.567948603401256
47,2012,6262.1232899862225,27036.257130449492,4.317426514690831
47,2013,4681.350915600109,-12124.459517620853,-2.589948870787996
47,2014,3914.324911845324,-17124.512869116123,-4.374831741048073
47,2019,1822.6722213395988,53994.95633971051,29.624062795024194
48,2002,7451.356891833333,38461.05550938673,5.161617684899772
48,2003,8854.06697780281,-13484.821210035996,-1.5230087194780106
48,2004,12682.590539699013,8680.762626427342,0.6844628941740917
48,2006,9172.36734817765,-24295.719021048775,-2.648794809322133
48,2007,5540.397173194244,21302.76253006875,3.8449883400303086
48,2011,3101.029411505384,-41032.66182757818,-13.231948615301594
48,2012,3748.593788353872,39744.26295597709,10.602445930379155
48,2013,4353.1227253525285,12844.652486324543,2.9506754798153194
48,2019,1492.277804132289,1366.0924369350541,0.915441101618068
48,2020,2224.655804670183,2945.065407402668,1.3238296914156973
49,2002,9774.95492589692,53221.47372675012,5.44467714994263
49,2003,4620.660656257416,38922.27033773309,8.423529281472675
49,2004,8318.68301863849,8078.707309810648,0.971152199417845
49,2005,6636.310871810565,-11306.304933543695,-1.70370333035032
49,2006,4214.732027939288,41686.1856761048,9.890589816806564
49,2007,1970.632628251944,-5530.676184436219,-2.8065485698073633
49,2008,2929.0339925429435,-12864.562010939495,-4.392083548259088
49,2011,3177.8169634418737,34808.50816486354,10.953591275176107
49,2012,4066.8785823775106,13491.496292621305,3.317408184026515
49,2013,7584.621145125071,9090.792308347241,1.1985822540642317
49,2019,1929.6998533571314,1121.4647508981288,0.5811601990574325
49,2020,2386.2446686904004,3785.3905374852475,1.586337975796386
50,2002,11480.548578878661,8844.59464324417,0.7703982594974611
50,2003,11013.095754707145,15157.14278134171,1.3762835735686167
50,2004,8798.70136854332,30558.78985989059,3.4731022886107783
50,2005,3963.138565319008,-24775.76345127172,-6.2515511489004485
50,2006,13440.396424830338,84469.36678901897,6.284737750217457
50,2011,7079.303176472138,18555.427170801908,2.621081017192531
50,2013,4126.567053648381,-7068.7663263822615,-1.712989570866811
50,2014,4320.814344706567,-21100.43635130726,-4.883439710191997
50,2015,3626.0077150367433,60894.553293677716,16.793828937857253
50,2017,7328.132805308764,-30871.7828672803,-4.212776117391823
50,2020,2594.20112546187,15710.47359327416,6.055996753326933
51,2002,13490.23396604092,4255.659508326091,0.3154622461729647
51,2003,9316.007299267105,44031.991917222476,4.726487485758678
51,2004,11436.634915094473,3350.695171238738,0.29297911458346654
51,2005,7829.191391314089,-1990.4632664261153,-0.2542361231115627
51,2006,5665.479863067361,37137.768500663195,6.555096725832566
51,2011,4072.7694038164336,-8689.774027961917,-2.1336278012251486
51,2012,4247.864842864947,20799.72097744426,4.896511952912328
51,2013,4554.985468488128,18558.738576023345,4.074379315678319
51,2020,2478.2218110663816,3719.435364113073,1.5008484500879264
52,2002,11963.70606663113,47545.377833007195,3.9741345673494584
52,2003,5321.858673967508,-16338.150836743036,-3.0700084007609982
52,2004,11772.437807546725,27193.53995710521,2.3099327770220017
52,2005,3160.648688589077,27081.529729446134,8.568345424538597
52,2006,5334.285175733297,12615.246569379407,2.364936660448643
52,2007,13193.875244890718,-19968.671005493437,-1.5134803562149972
52,2011,7042.564219517342,32706.910093496088,4.644176336064371
52,2012,11020.654702090193,31390.17069143706,2.848303620789748
52,2016,7386.400020943838,-60496.97291567322,-8.190319065327698
52,2020,2489.3220339812688,-33206.88063272965,-13.339728721084995
53,2002,13503.167767443549,43511.94563536477,3.222350961251706
53,2003,17797.108167723607,-13318.63906288764,-0.7483597299836606
53,2004,2396.791804272216,-13210.410858672229,-5.511705620456909
53,2005,7203.540452133428,67353.47131400078,9.350051098005999
53,2006,15231.24273671754,-9361.838090264966,-0.6146470286168205
53,2008,9216.024450097815,20901.333032581722,2.267933765340638
53,2011,7769.94206243995,15496.470061514032,1.9944125627942926
53,2012,4170.687166257761,27503.89671304458,6.594571977385454
53,2015,4219.948795448552,-8509.752300153079,-2.0165534494947703
53,2019,1654.474712201103,-26265.35295557446,-15.875342646144887
53,2020,2445.4531063300965,22429.008667359274,9.17171897890882
54,2002,9604.466069899616,58036.695470705046,6.04267796338955
54,2003,15013.190599600028,-2182.0586959056673,-0.14534276917551425
54,2004,4328.745329685538,19109.110787470592,4.414468704459168
54,2005,2845.0916175192106,59859.94597390006,21.039725260621022
54,2006,10579.939803493879,-34351.17533890647,-3.2468214353698372
54,2007,9787.510628323536,14083.64458778128,1.4389404132063366
54,2011,7110.308536070894,45386.277191722096,6.383165647661506
54,2012,10935.525964794826,-17145.30179603485,-1.5678534211551785
54,2019,1698.1889500243124,-28436.124436281825,-16.744970832529983
54,2020,2633.8820127747604,15353.635008224199,5.829279722385645
55,2002,18871.736328936357,14581.876086414646,0.7726833308949959
55,2003,8412.362020069588,16687.43842730575,1.9836804915782396
55,2004,5343.656439080107,35314.377511511004,6.6086541891511015
55,2005,6608.017736492911,-14141.121593086544,-2.1399944971382134
55,2006,5146.848081081844,36127.912929848855,7.0194247742892255
55,2007,2208.2290558387467,-5424.388037756929,-2.456442651822909
55,2011,3794.0655496325053,34991.00168457907,9.222561188477176
55,2013,12070.128679713554,16829.698300354503,1.3943263362751408
55,2016,3929.3221407769015,-8060.8350640880235,-2.0514569117242814
55,2019,1756.9500841843837,1981.407203609764,1.1277538397054567
55,2020,10271.754398200166,-44066.22705224436,-4.290039008328092
56,2002,9399.593429457542,52958.74407828698,5.634152633912728
56,2003,8903.264966731978,25716.788207670732,2.88846713017801
56,2004,9312.564068305597,7349.891728870949,0.7892446886766221
56,2005,7534.3202157512715,22758.700212547934,3.020670685720064
56,2006,14130.136246701499,-8041.573624158162,-0.5691080031896625
56,2007,3650.2694790597307,1599.4803576077684,0.43818144572158463
56,2010,3972.0981909681286,-11438.462006063986,-2.8797027304292455
56,2011,4016.8248448777595,-29293.325697272434,-7.2926569687565985
56,2013,4746.926883433975,-1165.76614692749,-0.24558333750532996
56,2015,14129.977254041092,8676.294743328355,0.6140345867044468
56,2019,1668.36995320805,2808.6083768151584,1.6834445929780646
56,2020,2508.3745093153266,1755.1975081851706,0.6997350282690684
57,2002,20659.68374597805,16800.550160890532,0.8132046147202616
57,2003,5231.031379170803,13361.529037717439,2.5542819511504136
57,2004,13769.292679795035,63937.034532901365,4.643450903380254
57,2005,2342.332009839447,-16657.442389656906,-7.111477928698364
57,2006,7455.705827280879,33187.99681566452,4.451355456411334
57,2007,7320.506715551368,-5234.369801417808,-0.7150283450048804
57,2008,5826.829577591969,-61182.62483093815,-10.500156906291886
57,2011,3758.9470023208996,-45696.00291234348,-12.156596750134876
57,2012,4725.761508511263,85814.96625251457,18.158971014080755
57,2015,4950.346527057176,-34362.04470141855,-6.9413412805761086
57,2019,1467.2359365377924,949.1338934291562,0.6468856642571124
57,2020,2806.859959446825,1725.716724828555,0.6148210989367131
58,2002,7332.052816444018,40577.76328510532,5.5342977336577865
58,2003,12282.393771225441,9870.86401561927,0.8036596285281312
58,2004,9800.607145271875,51467.62021985292,5.251472633987022
58,2005,8021.010120854917,-24315.166138383967,-3.0314344168652343
58,2006,7424.253932936466,27190.033647862205,3.662325385617287
58,2011,9432.036386118038,31214.44248331114,3.309406495637803
58,2012,4554.600409216131,40761.93435713978,8.949618121198716
58,2014,5987.592875177623,-23262.375716029434,-3.8850964320681793
58,2017,2665.899054144509,-19278.22735318131,-7.231416854741982
58,2019,1634.5700954843778,-20032.20458726934,-12.255335297403155
58,2020,2799.63358037133,3569.514734925382,1.274993541994856
59,2002,11192.181559515884,15271.280785381037,1.3644597082502647
59,2003,10152.061539430142,47815.24532085942,4.7099049917248035
59,2004,11956.371239438566,23898.158447237074,1.9987802292729127
59,2005,6842.30754948908,-21238.295763913804,-3.1039668431010066
59,2007,12784.383285227523,-20511.55269031826,-1.6044225390222426
59,2011,4389.579263790074,48832.69621607306,11.124687192437134
59,2012,14338.159370853682,26091.75686164471,1.8197424220770972
59,2015,10351.22063143755,-29018.419706344663,-2.8033814309988925
59,2018,3269.8268058863177,-34135.61320960714,-10.43957837404613
59,2020,6963.512974633748,-13889.446014162211,-1.994603307950717
60,2002,18443.391118074767,39010.44166246845,2.115144737360024
60,2003,1295.5222919037915,-12893.990571832168,-9.952735396690269
60,2004,18097.798521639255,67281.81025030543,3.7176792619200403
60,2006,5472.5471993274405,76235.075181099,13.930455490720677
60,2007,8479.212547500152,8072.688152723538,0.9520563504571582
60,2012,4063.0243976041093,47704.4861684512,11.741127175259312
60,2013,9765.042381784588,-10764.969299964374,-1.1023986255343878
60,2015,5273.09893413604,-18326.110294147016,-3.475396635460552
60,2020,2752.5362577027117,-501.30425232529524,-0.1821244864340816
61,2002,14614.071379092813,2318.192399114283,0.15862741730074864
61,2003,10709.805615707155,63237.56231556169,5.9046414645300915
61,2004,14456.449526979733,50470.735124106955,3.4912261845423807
61,2005,2943.8057243246585,-21800.981901773484,-7.405713536607403
61,2006,12872.80054771417,23387.535285097314,1.816817964234694
61,2007,2690.121029922331,8112.426789409365,3.015636359544606
61,2012,5514.718784593802,-12638.451251686638,-2.2917671318062593
61,2013,11357.392392401642,42547.655125337216,3.7462521021817103
61,2014,7014.663120715704,-14293.720841255446,-2.037691703118747
61,2016,7572.677568778337,5480.9866664781,0.7237845024692264
61,2019,1824.8529828878236,2105.5185797160375,1.1538017579827509
61,2020,3049.296777142037,138.99481150438078,0.04558257908718682
62,2002,16714.86877859279,53662.33460588852,3.210455033581562
62,2003,9009.816719297756,9159.936123912543,1.0166617600881105
62,2004,18183.695662117592,-68680.13211568314,-3.7770172462117064
62,2005,2725.922152509389,133781.04210552698,49.07735240434978
62,2006,6763.76208765991,-46584.0970422643,-6.887305679668164
62,2007,15409.030983251752,-20659.5673661911,-1.3407440992653084
62,2011,4844.693356546632,1504.5126007435028,0.3105485713993551
62,2012,10270.811152447364,-5943.828036682273,-0.5787106732330443
62,2013,5710.692653309379,-5433.429993447324,-0.9514485060404397
62,2014,7030.585029135516,35971.496353661234,5.116430027457374
62,2016,1790.2124864562647,-39955.954484391725,-22.319112835306356
62,2020,8124.462423183897,7900.863645540434,0.9724783295193288
63,2002,13148.536275466642,48650.13305945633,3.7000417415458466
63,2003,6495.709399313899,35498.394457485556,5.464898793230348
63,2004,15615.352386155922,-78954.16303797031,-5.056188364213194
63,2005,8512.760968892719,192888.77643663835,22.658779817910006
63,2006,6787.857555545808,-90869.10422459862,-13.387008121635793
63,2007,2997.7013844348257,16538.828476776718,5.5171701099557255
63,2010,14187.92086611857,-34283.87794179894,-2.4164131069881054
63,2013,11373.127016890852,12953.981393782218,1.1389990962506225
63,2014,1041.6849143056315,67322.31433818923,64.62828962351354
63,2016,1916.9080218068557,18289.904511233966,9.541357385522394
63,2017,8837.833829317882,-50781.16835291448,-5.7458840405504485
63,2019,2117.9400345315225,28638.032166546735,13.521644475114387
64,2002,34385.172120027855,8135.291957032925,0.23659302703604831
64,2003,5604.344649933162,43869.68366995963,7.82779903989003
64,2004,9978.94964295649,-26795.345130115544,-2.6851869273665177
64,2005,1240.4465610828483,6578.94207455212,5.303688430406087
64,2006,13025.388684174919,88858.31454615263,6.8219318978258405
64,2007,9729.884330355213,-15213.601473658986,-1.5635953066981194
64,2011,16353.566924897314,46702.30238220215,2.855786911606466
64,2012,4689.588425447117,-45960.13321121337,-9.80046201108393
64,2014,7348.186199503194,-6542.641067096149,-0.8903749700216487
64,2016,8596.052695211663,-30795.423598159832,-3.5825075403870064
64,2019,1495.8130249300157,-32664.230774567608,-21.83710813461854
64,2020,3319.7827416365617,-25874.33517295352,-7.7939844823092805
65,2002,19237.687569497997,52037.62642112016,2.7049834463279034
65,2003,11154.778250519536,31005.2591443914,2.7795495749050256
65,2004,8814.012885734555,32279.90351920307,3.662339043257807
65,2005,13239.16989741131,3711.1912854171824,0.2803190316443361
65,2007,8502.320311146614,-41475.2324917292,-4.8781075017080715
65,2010,3271.1778266377514,-21841.305095264514,-6.676893233197869
65,2012,18044.87294845737,-29919.913306691044,-1.658083899629166
65,2014,8171.48914602591,-6523.148828379519,-0.7982815263913019
65,2016,9122.188297906134,-32554.096237468475,-3.568671811449101
65,2020,2812.8335579771083,18021.77863372641,6.406983656255526
66,2002,24810.785836368508,19017.869695824164,0.7665162168280504
66,2003,11373.631513791915,-22293.86431902458,-1.9601359769736297
66,2004,19056.436127167253,54707.70177157095,2.8708254474496684
66,2005,16455.9328814795,25854.835366525396,1.5711558592721284
66,2006,9102.475595844793,-1937.2762787097017,-0.21282960424459174
66,2007,19217.710398760624,-40225.586951128615,-2.0931518956453217
66,2011,12508.736313619418,-2165.145918543625,-0.17309069951264625
66,2012,5451.41386279749,-1692.3269603659865,-0.31043817309763727
66,2014,9015.442866778874,-11423.96290495817,-1.2671549333482535
66,2016,17884.28761333,-54340.21807595162,-3.038433470251803
66,2019,8504.536192505155,-6445.393117166997,-0.7578770871534616
67,2002,23047.045732084778,46388.127370258706,2.0127580736163426
67,2003,8463.489429708221,11775.217709276883,1.3912958487245177
67,2004,8667.062422158662,58139.121102330624,6.708053809984007
67,2005,7104.896239710157,-47420.04926854564,-6.674277521958595
67,2006,12270.834113764402,29638.511886583816,2.415362444948856
67,2007,2886.773178202624,-2076.339299105399,-0.719259592261481
67,2011,10517.405409456696,71535.7127884705,6.801650217281665
67,2013,11768.900979752187,26306.699243864947,2.235272374975737
67,2014,7566.454940926051,42992.18248590187,5.681945220259264
67,2016,2094.0047852956923,31086.62836487987,14.845538359402632
67,2018,9854.783152840158,-39691.40140851267,-4.0276280860704246
67,2020,2636.2131260262104,63352.046941302746,24.03145872989363
68,2002,26009.37278056919,95018.46155973704,3.653239251917772
68,2003,17737.15322072286,-67340.64796421395,-3.796587148243034
68,2004,11328.173749006353,131122.280470815,11.574882534116881
68,2005,2008.5462714219466,-77095.9284989452,-38.38394444573352
68,2006,16439.139287137194,93342.60383866495,5.678071230389834
68,2007,2529.8857936461573,-38803.0040263221,-15.337848105150192
68,2010,4155.48777765088,-23110.2315714687,-5.561376379389338
68,2011,12387.422576669778,-14918.794538624235,-1.2043501742422182
68,2012,6167.474035632913,25317.571173697652,4.1050146344231075
68,2014,1329.5131123756873,58025.61665317899,43.64426052894949
68,2015,7843.244712803687,-36157.35837344651,-4.61000003154581
68,2019,2127.626027246064,2253.461302999407,1.0591435121313215
68,2020,2973.6938762697973,2753.88256297895,0.9260813915497654
69,2002,14334.56344526395,37548.138511749305,2.619412767966434
69,2003,10004.664060826122,41599.80767080904,4.158041431265608
69,2004,10295.221138791705,33326.05524062639,3.237041224404208
69,2005,8925.597695182601,17200.897792811156,1.927142403258324
69,2006,17003.138251496828,-26969.70859692653,-1.5861606368196366
69,2007,2867.286512312945,14999.42857669096,5.231227682437434
69,2011,4868.242162605049,47183.65263299117,9.692133434821304
69,2012,5332.951965053508,28868.983734672423,5.413321538211674
69,2013,13553.793152754428,23378.9571035353,1.7249014235387077
69,2016,10390.638151807827,-17038.94726720819,-1.6398364583838048
69,2019,2042.3491418580525,7064.920871504059,3.459213082968106
69,2020,10053.770996436477,-16764.145288499305,-1.6674484921569526
70,2002,19579.553239730245,29459.75049163107,1.5046181151800861
70,2003,10936.020723905996,78200.68616405103,7.150744145272637
70,2004,12500.435933912813,-23077.400415451557,-1.846127650064121
70,2005,9106.758911484794,-2944.0341756111593,-0.32328012679663165
70,2006,16083.059516823909,-11733.635211000219,-0.7295648690926055
70,2008,16218.484246871201,-25542.474255783192,-1.5748989774251396
70,2011,4743.0437678832095,-60363.55684486317,-12.726755180630146
70,2012,12913.766765794891,79622.59084337443,6.165713868572673
70,2014,9368.867404493445,-22927.17541328713,-2.4471661753149503
70,2016,3168.1405998721602,-9610.534431786218,-3.033493662552104
70,2017,3700.157179885893,-64452.112251524086,-17.418749830922504
70,2019,8726.421868277888,-15851.533591042506,-1.8164986554988454
71,2002,11686.710032979667,27817.427479999227,2.380261630647033
71,2003,11549.00509371789,53672.977944907674,4.64741140118669
71,2004,24991.342785318557,5655.655996204063,0.22630460655065485
71,2006,16273.728762608604,-31824.804662752314,-1.9555938978087617
71,2011,5387.078166603809,7255.7380088851205,1.3468781748640146
71,2012,5184.262718839163,3034.9258802318363,0.5854112811843384
71,2013,6144.621327437228,25250.718826430384,4.109401943725936
71,2014,8947.476338966633,-18467.937003207975,-2.0640386521928353
71,2015,7635.301338242309,-39045.532377686235,-5.11381681586319
71,2019,1847.0431028135354,-3194.5734058749513,-1.7295608321260996
71,2020,10265.88941554923,-17344.147924983932,-1.6894929628516762
72,2002,37237.035356503504,18721.73330305633,0.5027718539839814
72,2004,22405.796284763434,-9078.281365059782,-0.40517557375246094
72,2005,10822.039984763192,14350.797758125584,1.3260714041281199
72,2007,3320.894266835996,40948.97811203118,12.330708183324846
72,2008,12640.313081556524,-34403.7212457094,-2.7217459744654473
72,2011,14216.084978136583,112590.69573170101,7.919950950269234
72,2013,5617.728024375567,251.74317125894595,0.044812274671650415
72,2014,2081.189144387783,-6934.399588586821,-3.331941071904203
72,2016,4628.406824187492,-17899.07825748762,-3.867222337489698
72,2019,2147.885975337238,10809.232326807163,5.032498210297226
72,2020,11996.562113990483,-18029.270702442678,-1.5028697831203495
73,2002,37287.04494940239,-28304.769362399733,-0.759104654198492
73,2003,13780.756956362573,85120.7032577676,6.1767799495562095
73,2004,7232.327026125742,-38571.12324112735,-5.333155304204955
73,2005,2850.0970097132376,124915.38898848998,43.82846919342522
73,2006,8287.529719782411,3625.694105029397,0.4374879158954726
73,2007,11944.969152792764,-31140.179604223522,-2.606970282291844
73,2011,4835.992894013529,889.4529858054593,0.18392355102641122
73,2012,5300.897605742153,-19639.036850622797,-3.704851199040135
73,2013,6082.8225193506805,24934.47200821829,4.099161520642222
73,2014,38470.853776215634,-21928.821883367433,-0.5700113132639856
73,2019,1323.575790511386,1442.0218629441224,1.0894894521959886
73,2020,11589.489198730851,-18340.977310296614,-1.5825526902691371
74,2002,42838.04823329585,10575.894124398648,0.24688085850229144
74,2004,10943.821495234268,7618.135449450172,0.696112911999493
74,2005,9696.30348212726,14834.900929957046,1.529954271470723
74,2006,27335.10315684066,-11164.791354724206,-0.40844152995011457
74,2011,14187.175942990521,-19752.597798861156,-1.3922853905692452
74,2013,5720.641434556514,-37545.62309245422,-6.56318413275362
74,2014,1243.9492926057428,56545.5463317752,45.456472114974495
74,2016,4270.956390372361,-2764.833471378952,-0.6473569895519119
74,2019,1838.3249617557158,-7952.455873454572,-4.325924980020658
74,2020,11410.173072820471,3236.746112624416,0.2836719558912289
75,2002,38451.970230782055,28944.065341859532,0.7527329592773081
75,2003,4298.308221761545,-5939.922157214605,-1.38192094441759
75,2004,12927.914055396395,51324.57604900451,3.9700585747304302
75,2005,9565.806190962903,17294.321877519484,1.8079314521193137
75,2006,18933.607587245177,-25811.52651882544,-1.3632651041217125
75,2007,3989.9186577894725,61546.28476652724,15.425448497896351
75,2011,7040.525887961499,527.6738721943693,0.07494807640671157
75,2012,15831.878499174316,-13303.834497132222,-0.8403193908938892
75,2014,21266.57289429067,-46486.17174020631,-2.185879782853316
75,2019,1291.7721445880597,2100.1155398261617,1.6257631414523797
76,2002,22344.858620300423,48753.25754606939,2.1818557178865654
76,2003,21189.58732420852,36716.57992959261,1.7327652194361014
76,2004,4593.100002282474,56889.9790798258,12.385965698886409
76,2005,10434.957997313526,40676.510258031136,3.898100046833277
76,2006,9817.110943069216,-37051.09169240837,-3.7741339491091397
76,2007,4545.206550228118,-1449.268286281149,-0.31885641945323956
76,2011,6002.77455357078,31332.81400224002,5.219721934018252
76,2012,6397.521920682455,-36820.74677384965,-5.755470200862055
76,2013,6467.693435212015,72986.23291124124,11.284739087026425
76,2014,11326.894810582104,-13231.447507467296,-1.1681442909760116
76,2019,1926.1039487785893,1882.1858450470027,0.9771984768737759
77,2002,35807.109122709604,25045.334646681556,0.6994514569956526
77,2003,12622.906079572567,50176.0636328992,3.9750009480065973
77,2004,13233.786357352976,-7441.84786868532,-0.5623370113233291
77,2005,19466.656147597532,44786.11365391966,2.3006577665084467
77,2007,14815.85842647974,30375.458931790316,2.050199054109587
77,2011,6300.864197864081,-30392.407491015387,-4.823530001062085
77,2012,6506.935791164346,39709.0403381451,6.102571411887192
77,2013,6337.087783006951,10562.17848990031,1.666724345877461
77,2014,1893.1488034434733,-2112.407737985661,-1.1158170631613187
77,2017,4965.9130441539455,-59153.50541437825,-11.911909227652691
77,2020,13249.512017167232,-11394.029940254288,-0.8599584592618341
78,2002,40254.58695949725,9925.237653101794,0.2465616567644383
78,2003,3428.385835281806,52616.43629812228,15.347291356953503
78,2004,24890.734833399358,-28064.103539293807,-1.1274919654696693
78,2006,9409.652751402638,13133.592297546624,1.3957573828204108
78,2007,3261.031780502817,3024.818887951493,0.9275649829714623
78,2011,7288.483968542714,-16617.36256576184,-2.2799477418737295
78,2012,6667.8646121826605,11916.875912611606,1.7872102398178016
78,2013,16171.379549796577,-3672.153830315452,-0.22707733864063842
78,2014,1335.843351321877,58295.92046856339,43.63978786201014
78,2017,4216.614368789305,-31696.519866815826,-7.51705446469763
78,2019,2012.1408538806718,-20087.456938181655,-9.983126628257866
78,2020,3462.9161025744397,47076.26359114912,13.594399112398698
79,2002,34643.82261372701,8228.316099316638,0.23751178358869415
79,2003,23566.29320958379,73400.7719158224,3.114650711634711
79,2004,14752.812834370474,-50220.120722795255,-3.4041047823635746
79,2005,1275.7290299386368,38919.3405802169,30.507529159298773
79,2006,33106.39491005964,39646.27362875198,1.1975412525724796
79,2011,6707.198674309242,5176.998544592527,0.7718570443458189
79,2012,17936.257203561487,-10897.120840805175,-0.6075470883993236
79,2014,13450.899007546948,-16293.948231383634,-1.2113649966624183
79,2016,6924.334646636038,-30686.357231537928,-4.431668715844907
79,2019,12317.275333564845,-3137.6455689707072,-0.25473536021562776
80,2002,34077.3125390716,33590.061724043975,0.985701606766409
80,2003,15622.616915281862,16168.486154718266,1.0349409604291353
80,2004,29026.929790218943,49748.17261603131,1.7138627121630583
80,2006,10143.10853077349,31717.525209528336,3.127002448342099
80,2007,4860.683142056165,18856.119555471058,3.8793146980353357
80,2008,2910.611251539376,4151.684967168083,1.4263962475140994
80,2011,19477.576618789928,69685.94026241713,3.5777520800606903
80,2013,6394.288378884143,7869.169920874876,1.230656087839459
80,2014,1693.6616398693877,1684.6924157441827,0.9947042408506714
80,2016,6505.394445277227,-16423.468438319862,-2.5245922559304517
80,2019,2230.205532953725,-1104.2435382960248,-0.495130839727379
80,2020,3386.351007453748,8743.73135156976,2.5820511022997326
81,2002,38725.20787647669,-15108.101985874295,-0.3901361106715088
81,2003,16199.469267406384,143254.82020894537,8.84317985016809
81,2004,18712.457036920707,-31814.913008275384,-1.7001996555290848
81,2005,15108.006056624581,-2378.582455335825,-0.15743854261250184
81,2006,23854.95760188508,73975.75178840989,3.1010640648786625
81,2011,20324.75889574783,-20311.55832122144,-0.9993505175341022
81,2012,20730.75216484745,-9238.587271680823,-0.4456465061285347
81,2014,2163.6022792034782,8073.72966001177,3.7316145104931584
81,2015,13213.892992431181,-17369.769430985558,-1.3145081045332236
81,2017,6020.710766057717,-36942.14271027554,-6.135844113047267
81,2019,2251.0301927422406,-32629.5472689835,-14.495384101993617
81,2020,4665.669343359477,68409.18110846315,14.662243736973798
82,2002,27115.461135301797,56515.01064556575,2.084235645618008
82,2003,15805.851983694709,-1173.6234124564216,-0.07425246128251294
82,2004,30502.975147043355,33725.897635368165,1.1056592831613412
82,2006,21449.21698416595,-26129.663010883844,-1.2182105775783354
82,2011,6306.065308239253,-25508.64468117844,-4.045096813039641
82,2012,6238.669901232934,70605.01021588087,11.317317847178831
82,2013,7814.5186172503745,-22597.980846399383,-2.891794357814293
82,2014,2996.9298677513143,891.7660144915571,0.2975598541986155
82,2017,18049.564166077238,-68719.1347551496,-3.8072462095401676
82,2019,2370.8607818405144,4217.57470061176,1.7789212816357904
82,2020,4326.280575240264,4094.385731859482,0.9463985658470837
83,2002,39201.899885795254,54084.74761183921,1.3796460827001074
83,2003,17054.740456040832,8670.058431434329,0.5083664834291496
83,2004,29642.24584646133,-8987.90979243815,-0.3032128482771868
83,2005,13790.92962481879,60672.26124035788,4.399432300138005
83,2006,12697.4132867835,-948.1465471467236,-0.0746724175808022
83,2011,9152.281227857107,56780.54509796534,6.203977312797216
83,2012,9180.171243078657,-7129.384216902021,-0.7766068876195727
83,2013,21599.306423054542,61633.270622309414,2.853483783929453
83,2016,21533.67579915683,-63458.94948060543,-2.9469631693391714
83,2018,3167.087572918914,-51648.5985633856,-16.307916145111264
83,2019,3011.2676549862954,-3617.1807465956663,-1.2012152890514571
84,2002,28224.807282603113,22349.50158035854,0.7918389435429051
84,2003,15660.505470247183,53694.72042967781,3.4286709666996655
84,2004,15904.922836275131,52593.00936325354,3.3067126388882633
84,2005,25537.035349484475,9858.591083760315,0.3860507278484593
84,2007,5458.356116745854,33093.1096303598,6.0628344729711685
84,2011,20856.66412440344,126322.1943249323,6.0566825821934005
84,2013,6818.33482466382,26664.590841063124,3.910718896439327
84,2014,1760.776303994062,-17564.333108352264,-9.975334781885785
84,2016,8296.696927385812,-25090.376724929258,-3.0241404434228176
84,2019,15271.013831307471,-25327.795775413455,-1.6585536530317544
85,2002,41602.85349852068,72165.46719086205,1.7346278229071024
85,2003,17391.896148332104,9884.458092511806,0.568337000647266
85,2004,19277.24965456518,22258.67334303551,1.1546602208248247
85,2005,11424.61771534424,14283.773316774983,1.25026269348082
85,2006,13440.703090334893,4671.814318819379,0.347587048640249
85,2007,20533.81972086127,-8636.109647636244,-0.42057979299693643
85,2011,7732.5117267572205,7565.228465166525,0.9783662453414929
85,2012,7341.091628135997,-6323.324008398573,-0.8613601802984375
85,2013,7511.681472467433,37430.33066023793,4.982949662792722
85,2014,16716.324058765313,-43838.17843348376,-2.6224771833432436
85,2016,8665.727259224688,-23382.63172599877,-2.6982884444127757
85,2019,15604.942261856922,-26506.0071017663,-1.6985648941845042
86,2002,45327.25363288401,124129.37255804136,2.7385151891926673
86,2003,14155.818094716757,8512.23649001657,0.6013242352410216
86,2004,16288.196937958419,24107.026287808665,1.4800303790304163
86,2005,28068.451306139876,10959.570872981974,0.3904586951893782
86,2007,19154.843390142138,-48224.05283227039,-2.517590556605044
86,2011,7431.866076404869,6392.368369965872,0.8601296503795653
86,2012,7467.664864077524,41551.079553675605,5.564132872854677
86,2013,9023.857604679535,-29357.617468083394,-3.253333413955835
86,2014,2488.72597952903,52651.94757524121,21.156185135820028
86,2016,26017.888192228973,-68471.1566890491,-2.6316954006090345
86,2019,2631.088838612428,-7831.835212617647,-2.9766517563686543
86,2020,4130.153960008232,24941.43361681106,6.03886292334762
87,2002,44662.13608735107,30315.069052511128,0.6787644234754094
87,2003,17747.706517373095,41098.88254482258,2.3157292185664216
87,2004,19004.861187879695,32877.067318330985,1.7299293582474708
87,2005,13369.036363726133,36704.181943013624,2.7454620471077593
87,2006,11859.448620954878,-32299.102899241145,-2.7234911108911692
87,2007,22487.003251630988,-2090.9880227713147,-0.09298651311484357
87,2011,7000.279253777233,5765.142396862095,0.8235589164177016
87,2012,7601.3172743791365,9714.787269740307,1.278039965847077
87,2013,7595.482845097606,-18498.070499510155,-2.4354041575447
87,2014,2832.076535842847,58240.35900994146,20.564542756118946
87,2018,4554.4714427487925,-44468.51039628312,-9.763703857904689
87,2020,5216.385067403258,22085.161168382678,4.233805764530489
88,2002,46888.526237864455,12052.366153634212,0.25704297235730605
88,2003,18089.616192188463,181301.74735352787,10.022420897565443
88,2004,19167.813443220744,-67881.17443135753,-3.5414146027890148
88,2005,11787.399982911826,-26830.072272955906,-2.276165423405621
88,2006,13724.159441530239,90039.94655329012,6.5606893403484605
88,2007,7401.7859419940505,-33169.60949242767,-4.481298128906945
88,2011,8268.232378689048,-19079.716366883018,-2.3075931460344563
88,2012,7528.349099055864,10030.180679661862,1.3323214090749
88,2013,7814.255259707221,38429.90184301598,4.917922510309171
88,2014,3752.0486906112637,1912.7738484936417,0.5097945166010154
88,2019,17854.137473085313,-30163.931692739367,-1.6894645142175462
89,2002,53341.848462331574,-17780.18107633217,-0.3333251769272301
89,2003,20350.79873716476,263768.1478118827,12.961071023231517
89,2004,18483.855785048392,-115367.57411379548,-6.24153182406435
89,2005,15515.5015984216,-30891.43197386962,-1.9910044014956128
89,2006,16790.655413025757,114499.27075542475,6.819225809767924
89,2007,27788.50610149384,-69834.95257178054,-2.513087688727045
89,2011,8771.058862689883,107962.30999062152,12.308925487875698
89,2012,10935.178019170999,-50302.77253994753,-4.600087209532324
89,2013,10661.717506382847,19318.93050287629,1.8119904688255557
89,2014,3347.259327368927,-21258.290339266416,-6.35095409711689
89,2016,14423.544214309892,-10977.266187633271,-0.7610657980125649
89,2019,2006.8576627322473,43030.942072070146,21.4419502046226
89,2020,4349.229131155764,-21737.796262090327,-4.998080258952402
90,2002,58340.910738336504,107290.88470322022,1.8390334217514728
90,2003,39427.325068546226,62472.88089020288,1.584507211219399
90,2004,1268.5517921517603,-69351.07191252464,-54.66948400655287
90,2005,13300.01242488157,198365.00890197128,14.914648390167772
90,2006,10998.522832833813,-234537.44206860365,-21.324449258625958
90,2007,45150.18394316523,246860.5982938257,5.467543578661213
90,2011,9216.8525234533,13451.787337170797,1.4594773327381811
90,2012,9991.411947014043,6054.220669384231,0.6059424535281571
90,2013,8352.792760338401,22682.075378217152,2.715507977872807
90,2014,4322.757187294075,-5443.66703935049,-1.259304375307296
90,2017,30718.620421128464,-71305.91603334632,-2.321260364423842
90,2019,3243.5340939403977,18893.768092898885,5.825056110307707
90,2020,4627.403146462049,-25121.52754388313,-5.42886079919148
91,2002,50710.028868739086,54126.91070163937,1.0673807905285313
91,2003,19438.194376793457,-99229.49951411539,-5.1048722731459995
91,2004,37910.643649831996,115806.65749927121,3.054726756130515
91,2006,17105.588386089425,168142.17012326326,9.829663050936004
91,2007,47665.26710191183,-169675.73722309852,-3.559735369998439
91,2011,8784.467326888815,-59035.16714547598,-6.720403747734628
91,2012,9427.027749055997,212615.2104984417,22.55379067063132
91,2013,9858.785974574741,-130353.1779044714,-13.222031418538243
91,2014,23420.15042254317,3316.1641996544786,0.14159448764524116
91,2017,9061.687232695636,-60335.15401245782,-6.65826931156501
91,2020,5072.408098569838,-31827.219637303497,-6.274577876783447
92,2002,82938.73896000226,90121.53249260859,1.0866036019196081
92,2004,22676.948494482087,26934.63042086514,1.1877537415326873
92,2005,15875.232617829228,22859.031598189264,1.4399178990622563
92,2006,13812.68406226195,12144.977004637476,0.879262636421196
92,2007,7257.635203701677,10118.564576249453,1.3941958078973977
92,2011,10002.82005314494,10378.450785633177,1.037552483248975
92,2012,33656.47636918444,-46199.90013638628,-1.3726897500977397
92,2014,3506.948015989503,-5488.591857217951,-1.5650622228197806
92,2015,23522.645296340692,-11162.860132147674,-0.47455802659593854
92,2019,3924.7285056971014,4623.892244607792,1.1781432111535335
93,2002,83499.92924497108,115814.71934352152,1.3870038021678521
93,2003,22332.30057726428,81880.39856930356,3.666456050330215
93,2004,2109.3882809187053,-1292.683691252023,-0.6128239655759433
93,2005,38697.543575026095,-80947.74182898132,-2.091805689734319
93,2007,3324.9474140927196,204439.46507459192,61.4865258343875
93,2008,10570.135699586128,-159934.86351805495,-15.130824055959582
93,2011,32424.481605628738,41007.05615109508,1.2646942717497893
93,2013,10034.292738509597,43131.87136085867,4.298446585610087
93,2014,3473.8555648573674,-10473.470898871776,-3.0149413823720113
93,2015,22735.595830281498,-39668.548837732524,-1.7447771826106293
93,2019,3626.2927997614024,-57867.36353299767,-15.957719557782301
93,2020,5893.552474529133,58075.91740844643,9.854144450132587
94,2002,74054.06710914802,67440.53482145182,0.9106931928809725
94,2003,22134.385226241662,-71573.89713130135,-3.233606734486853
94,2004,28576.19501037628,321809.88997383544,11.261467450686954
94,2005,46747.60370199545,-144501.074586206,-3.0910905189357947
94,2007,36976.81122725119,-92240.74366256513,-2.4945564693416693
94,2011,11386.025508324034,-32878.25291458843,-2.887596983736948
94,2012,12310.105297694565,69419.78194045718,5.639251676706462
94,2013,8826.356322618434,-14440.327431207872,-1.636046280411665
94,2014,4148.582750546397,62894.391826148145,15.160452522699353
94,2015,26944.96615229221,-150614.91489107336,-5.589723662661218
94,2019,3500.905507799238,-2423.5949534877436,-0.6922765976083941
94,2020,6772.793972590356,15885.742354505346,2.345522751584544
95,2002,72022.27614786418,93601.8060561507,1.2996229925305751
95,2003,27974.219488725765,33517.333856117446,1.1981508141675117
95,2004,83341.75566161517,59810.390841165674,0.7176521584691385
95,2006,21764.24100262311,98425.24232099263,4.5223374575355075
95,2007,8573.640204072814,-870.0507000287762,-0.10147973081672686
95,2008,8996.190261130221,-24741.770373629988,-2.7502497896839277
95,2011,14180.712571531883,-136009.3275860804,-9.591149027244397
95,2012,41759.24386785622,245363.36610795243,5.875665921643245
95,2014,5024.256798254326,75612.29975235555,15.049449657634336
95,2015,29316.638179801637,-95289.59480017587,-3.250358865015696
95,2018,2093.289433306898,-78975.03935153491,-37.72772082777544
95,2020,7359.20096189715,-32422.288027086877,-4.405680480116777
96,2002,84025.67288386705,17497.189443040174,0.20823623117214735
96,2003,27764.17116363661,62821.51398214162,2.2626828516466015
96,2004,26305.5453830146,-94156.98470373091,-3.5793587752234077
96,2005,20786.88172676158,394148.3422503205,18.961398223711615
96,2006,46916.65448707889,56476.72886878275,1.203767180039164
96,2011,14776.595453754417,13360.745840560412,0.9041829616554693
96,2012,13379.040332521778,17708.664019487915,1.3236124250587455
96,2013,12455.978215195937,6975.785676526139,0.5600351538842513
96,2014,5721.910809679539,13197.77668522892,2.3065331013029327
96,2015,2303.4385656394297,-12808.47816524643,-5.560590308902301
96,2016,57554.55035176163,-26023.319372151745,-0.45215051135144907
96,2019,3068.4588060399983,2906.6770174368285,0.9472758805545258
96,2020,8056.206922541955,7789.265265610069,0.9668650942685
97,2002,103734.03279842343,129919.33201024146,1.2524272748819227
97,2003,30559.17537823529,53734.10591581697,1.7583624312744779
97,2004,31607.38478456845,36924.726048259065,1.1682309782961442
97,2005,24490.802692996338,62075.211577965296,2.5346336074038525
97,2006,25289.566724126693,-54099.7360555568,-2.1392116616986048
97,2007,10340.676420164527,101747.06769046141,9.839498264548011
97,2011,16445.481800896,-66145.87089617364,-4.02213031500055
97,2012,16273.146124061197,45732.24042649637,2.8102888081904123
97,2013,13416.88880213385,68501.90132055653,5.105647242873612
97,2014,7020.630338561721,-27596.12296072475,-3.9307187004490856
97,2015,3096.969425824471,51060.072145716986,16.487108887787564
97,2016,68231.01739145629,-165051.65796906082,-2.41901211910887
97,2019,2462.9736296252813,-1966.779965223046,-0.7985387831871644
97,2020,6859.456029437482,-22436.830422402476,-3.2709343607006742
98,2002,111680.28374247148,95731.91062983405,0.8571961623108562
98,2003,69497.43899979477,125003.39530313422,1.7986762836469896
98,2004,2134.1188209622633,9858.781464619213,4.619602886110127
98,2005,31488.927386286436,81846.7771580551,2.5992240432330425
98,2006,73597.9094068387,-47149.4279603411,-0.6406354248421081
98,2011,18329.904418323073,12220.94050726667,0.6667214530071572
98,2012,18595.110325935646,-29644.108065046603,-1.5941883401304857
98,2013,18842.345688969013,83176.10336299415,4.41431787400485
98,2014,7688.505189424846,-15215.312880090089,-1.9789689289691823
98,2015,1868.5878877383657,19292.645395394997,10.32471928240193
98,2016,33427.51939659659,-65742.70915983,-1.9667241346817848
98,2019,3325.5710544555914,4236.631640418083,1.2739561329600386
98,2020,9619.850238781422,-18849.93922933354,-1.9594836469846462
99,2002,123073.28469106881,182301.7592122435,1.481245582011128
99,2003,46329.59506361303,-167509.6086942806,-3.615607010255127
99,2004,61641.92115250067,382470.84040287684,6.204719665642038
99,2005,36725.00005845865,-41550.6827231308,-1.1314004807893983
99,2006,33167.40241925977,120625.26907013403,3.6368621077208294
99,2007,9889.284239451867,-57932.41885067313,-5.858100287941987
99,2011,21414.690590279875,-34078.89089204604,-1.591379093168614
99,2012,18151.25290211197,-3947.6570562068373,-0.21748675298042439
99,2013,18394.76584058185,170010.26448633103,9.242317404838102
99,2014,9256.148808166385,-68634.36963206436,-7.415002832658718
99,2015,1025.6247305697761,68818.56617142656,67.09916806822224
99,2019,4792.93499344727,-41220.01055954932,-8.600160572990005
99,2020,7230.444578306051,30355.222114576725,4.198251129073498
